BEGIN;

INSERT INTO universities VALUES
	(1, 'ГУ имени Иванова', 'ул. Ивановская, д. 1'),
	(2, 'ГУ имени Воробьёва', 'ул. Морозовские горы, д.1'),
	(3, 'Технический Институт имени Дементьева', 'ул. Малая Ложка, д.6'),
	(4, 'Экономический Институт имени Милюкова', 'ул. Благовещенская, д.17'),
	(5, 'Государственный Физико-Математический Институт', 'ул. Первосентябрьская, д.1'),
	(6, 'Гуманитарный Институт имени Волкова', 'ул. Заячьи Холмы, д. 2')
	ON CONFLICT DO NOTHING;

INSERT INTO professors(professor_id, university_id, professor_surname, professor_name, professor_patronymic, professor_birth_date) VALUES
	(1, 1, 'Березин', 'Михаил', 'Георгиевич', '1980-01-12'),
	(2, 1, 'Орлов', 'Даниил', 'Русланович', '1981-02-24'),
	(3, 1, 'Петров', 'Богдан', 'Егорович', '1982-03-27'),
	(4, 2, 'Соловьев', 'Дамир', 'Львович', '1983-04-12'),
	(5, 2, 'Карпов', 'Олег', 'Максимович', '1984-06-09'),
	(6, 2, 'Черных', 'Владислав', 'Яковлев', '1985-07-17'),
	(7, 3, 'Петухов', 'Борис', 'Сергеевич', '1986-09-04'),
	(8, 4, 'Бычков', 'Алексей', 'Иванович', '1987-10-26'),
	(9, 5, 'Казаков', 'Данила','Григорьевич', '1988-11-11'),
	(10, 6, 'Иванов', 'Дмитрий', 'Лукич', '1989-12-03')
	ON CONFLICT DO NOTHING;

INSERT INTO courses(course_id, course_duration, course_name, course_ended) VALUES
	(1, 18, 'Топологии и множеста', false),
	(2, 18, 'Химия кристаллов', false),
	(3, 18, 'Строение и динамика молекул', false),
	(4, 18, 'Основы радиотехники', false),
	(5, 18, 'Монетаризм в современном мире', false),
	(6, 18, 'Свойтва и роль нейтрино в физике', false),
	(7, 18, 'Этика общения', false)
	ON CONFLICT DO NOTHING;

INSERT INTO lecture(lecture_id, course_id, professor_id, lecture_day, lecture_time, lecture_duration) VALUES
	(1, 1, 1, 71, '09:00:00', 90),
    (2, 1, 1, 78, '09:00:00', 90),
    (3, 1, 1, 85, '9:00:00', 90),
    (4, 1, 1, 92, '9:00:00', 90),
    (5, 1, 2, 99, '9:00:00', 90),
    (6, 1, 2, 106, '9:00:00', 90),
    (7, 1, 2, 113, '9:00:00', 90),
    (8, 1, 2, 120, '9:00:00', 90),
    (9, 1, 3, 127, '9:00:00', 90),
    (10, 1, 3, 134, '9:00:00', 90),
    (11, 1, 3, 141, '9:00:00', 90),
    (12, 1, 3, 148, '9:00:00', 90),
    (13, 2, 4, 72, '9:00:00', 90),
    (14, 2, 4, 79, '9:00:00', 90),
    (15, 2, 4, 86, '9:00:00', 90),
    (16, 2, 4, 93, '9:00:00', 90),
    (17, 2, 4, 100, '9:00:00', 90),
    (18, 2, 4, 107, '9:00:00', 90),
    (19, 2, 4, 114, '9:00:00', 90),
    (20, 2, 4, 121, '9:00:00', 90),
    (21, 2, 4, 128, '9:00:00', 90),
    (22, 2, 4, 135, '9:00:00', 90),
    (23, 2, 4, 142, '9:00:00', 90),
    (24, 2, 4, 149, '9:00:00', 90),
    (25, 3, 5, 73, '9:00:00', 90),
    (26, 3, 5, 80, '9:00:00', 90),
    (27, 3, 5, 87, '9:00:00', 90),
    (28, 3, 6, 94, '9:00:00', 90),
    (29, 3, 6, 101, '9:00:00', 90),
    (30, 3, 6, 108, '9:00:00', 90),
    (31, 3, 5, 115, '9:00:00', 90),
    (32, 3, 5, 122, '9:00:00', 90),
    (33, 3, 5, 129, '9:00:00', 90),
    (34, 3, 6, 136, '9:00:00', 90),
    (35, 3, 6, 143, '9:00:00', 90),
    (36, 3, 6, 150, '9:00:00', 90),
    (37, 4, 7, 74, '9:00:00', 90),
    (38, 4, 7, 81, '9:00:00', 90),
    (39, 4, 7, 88, '9:00:00', 90),
    (40, 4, 7, 95, '9:00:00', 90),
    (41, 4, 7, 102, '9:00:00', 90),
    (42, 4, 7, 109, '9:00:00', 90),
    (43, 4, 7, 116, '9:00:00', 90),
    (44, 4, 7, 123, '9:00:00', 90),
    (45, 4, 7, 130, '9:00:00', 90),
    (46, 4, 7, 137, '9:00:00', 90),
    (47, 4, 7, 144, '9:00:00', 90),
    (48, 4, 7, 151, '9:00:00', 90),
    (49, 5, 8, 75, '9:00:00', 90),
    (50, 5, 8, 82, '9:00:00', 90),
    (51, 5, 8, 89, '9:00:00', 90),
    (52, 5, 8, 96, '9:00:00', 90),
    (53, 5, 8, 103, '9:00:00', 90),
    (54, 5, 8, 110, '9:00:00', 90),
    (55, 5, 8, 117, '9:00:00', 90),
    (56, 5, 8, 124, '9:00:00', 90),
    (57, 5, 8, 131, '9:00:00', 90),
    (58, 5, 8, 138, '9:00:00', 90),
    (59, 5, 8, 145, '9:00:00', 90),
    (60, 5, 8, 152, '9:00:00', 90),
    (61, 6, 9, 71, '11:00:00', 90),
    (62, 6, 9, 78, '11:00:00', 90),
    (63, 6, 9, 85, '11:00:00', 90),
    (64, 6, 9, 92, '11:00:00', 90),
    (65, 6, 9, 99, '11:00:00', 90),
    (66, 6, 9, 106, '11:00:00', 90),
    (67, 6, 9, 113, '11:00:00', 90),
    (68, 6, 9, 120, '11:00:00', 90),
    (69, 6, 9, 127, '11:00:00', 90),
    (70, 6, 9, 134, '11:00:00', 90),
    (71, 6, 9, 141, '11:00:00', 90),
    (72, 6, 9, 148, '11:00:00', 90),
    (73, 7, 10, 72, '11:00:00', 90),
    (74, 7, 10, 79, '11:00:00', 90),
    (75, 7, 10, 86, '11:00:00', 90),
    (76, 7, 10, 93, '11:00:00', 90),
    (77, 7, 10, 100, '11:00:00', 90),
    (78, 7, 10, 107, '11:00:00', 90),
    (79, 7, 10, 114, '11:00:00', 90),
    (80, 7, 10, 121, '11:00:00', 90),
    (81, 7, 10, 128, '11:00:00', 90),
    (82, 7, 10, 135, '11:00:00', 90),
    (83, 7, 10, 142, '11:00:00', 90),
    (84, 7, 10, 149, '11:00:00', 90)
	ON CONFLICT DO NOTHING;

INSERT INTO students(student_id, student_surname, student_name, student_patronymic, student_birth_date) VALUES
	(1, 'Стругачев', 'Виталий', 'Игоревич', '2004-01-01'),
	(2, 'Дьяченко', 'Анатолий', 'Яковлев', '2004-01-02'),
	(3, 'Бурминский', 'Степан', 'Филиппович', '2004-01-03'),
	(4, 'Жуламанова', 'Маргарита', 'Борисовна', '2004-01-04'),
	(5, 'Бараш', 'Артур', 'Ильич', '2004-01-07'),
	(6, 'Олтуфьев', 'Антон', 'Русланович', '2004-01-08'),
	(7, 'Цапов', 'Владислав', 'Никитович', '2004-01-22'),
	(8, 'Веремейчик', 'Никита', 'Константинович', '2004-01-29'),
	(9, 'Бялко', 'Элина', 'Артемовна', '2004-02-02'),
	(10, 'Белинков', 'Олег', 'Иванович', '2004-02-05'),
	(11, 'Хапланов', 'Вадим', 'Юрьевич', '2004-02-08'),
	(12, 'Пудовичкова', 'Яна', 'Артуровна', '2004-02-13'),
	(13,'Подвигин', 'Станислав', 'Алексеевич', '2004-02-16'),
	(14, 'Бердяева', 'Валерия', 'Кирилловна', '2004-02-20'),
	(15, 'Яшурина', 'Римма', 'Егоровна', '2004-02-26'),
	(16, 'Грузинова', 'Ангелина', 'Борисовна', '2004-03-01'),
	(17, 'Зенцов', 'Владислав', 'Владиславович', '2004-03-07'),
	(18, 'Бусель', 'Ярослав', 'Альбертович', '2004-03-09'),
	(19, 'Каганский', 'Никита', 'Эдуардович', '2004-03-12'),
	(20, 'Холминов', 'Тимофей', 'Анатольевич', '2004-03-18'),
	(21, 'Рахмангулов', 'Александр', 'Эдуардович', '2004-03-21'),
	(22, 'Шемаев', 'Эдуард', 'Георгиевич', '2004-03-25'),
	(23, 'Гачинский', 'Глеб', 'Семенович', '2004-03-30'),
	(24, 'Епифанова', 'Евгения', 'Леонидовна', '2004-04-03'),
	(25, 'Кочисова', 'Лилия', 'Васильевна', '2004-04-05'),
	(26, 'Позднеев', 'Владимир', 'Степанович', '2004-04-07'),
	(27, 'Пискулина', 'Альбина', 'Маратовна', '2004-04-11'),
	(28, 'Корсун', 'Жанна', 'Ильинична', '2004-04-14'),
	(29, 'Верьянова', 'Лилия', 'Ильдаровна', '2004-04-18'),
	(30, 'Гринько', 'Лидия', 'Олеговна', '2004-04-20'),
	(31, 'Лутьянов', 'Ринат', 'Константинович', '2004-04-25'),
	(32, 'Киричкова', 'Полина', 'Ефимовна', '2004-04-29'),
	(33, 'Фадейчева', 'Валентина', 'Денисовна', '2004-05-03'),
	(34, 'Островсков', 'Артем', 'Ярославович', '2004-05-06'),
	(35, 'Предводителев', 'Дамир', 'Ринатович', '2004-05-09'),
	(36, 'Боборыкин', 'Борис', 'Маратович', '2004-05-12'),
	(37, 'Кудашева', 'Алиса', 'Викторовна', '2004-05-15'),
	(38, 'Зыкунова', 'Оксана', 'Ильдаровна', '2004-05-18'),
	(39, 'Шевко', 'Владислав', 'Германович', '2004-05-19'),
	(40, 'Альберг', 'Георгий', 'Константинович', '2004-05-22'),
	(41, 'Княжева', 'Дарья', 'Никитовна', '2004-05-26'),
	(42, 'Самыловский', 'Яков', 'Григорьевич', '2004-05-30'),
	(43, 'Акилин', 'Сергей', 'Валентинович', '2004-06-01'),
	(44, 'Телятников', 'Федор', 'Дмитриевич', '2004-06-05'),
	(45, 'Березиков', 'Владислав', 'Александрович', '2004-06-08'),
	(46, 'Евтютова', 'Оксана', 'Сергеевна', '2004-06-11'),
	(47, 'Евдошенко', 'Елена', 'Евгеньевна', '2004-06-17'),
	(48, 'Василик', 'Вадим', 'Маратович', '2004-06-20'),
	(49, 'Мороков', 'Артур', 'Александрович', '2004-06-23'),
	(50, 'Ачкасов', 'Вадим', 'Семенович', '2004-06-26'),
	(51, 'Филахов', 'Степан', 'Кириллович', '2004-07-02'),
	(52, 'Дормидонтова', 'Мария', 'Дамировна', '2004-07-04'),
	(53, 'Насунова', 'Кира', 'Руслановна', '2004-07-08'),
	(54, 'Федоришина', 'Инна', 'Анатольевна', '2004-07-12'),
	(55, 'Маткина', 'Марина', 'Ильинична', '2004-07-17'),
	(56, 'Никитченко', 'Семен', 'Валерьевич', '2004-07-21'),
	(57, 'Реуцкова', 'Анжелика', 'Ефимовна', '2004-07-22'),
	(58, 'Стеблев', 'Ян', 'Геннадьевич', '2004-07-28'),
	(59, 'Трубникова', 'Юлия', 'Николаевна', '2004-07-31'),
	(60, 'Олсуфьева', 'Альбина', 'Петровна', '2004-08-03'),
	(61, 'Киркина', 'Раиса', 'Денисовна', '2004-08-04'),
	(62, 'Кушелев', 'Константин', 'Александрович', '2004-08-07'),
	(63, 'Разгильдяев', 'Егор', 'Ильдарович', '2004-08-10'),
	(64, 'Епишев', 'Ефим', 'Ильдарович', '2004-08-13'),
	(65, 'Демчук', 'Лидия', 'Владимировна', '2004-08-16'),
	(66, 'Щапина', 'Ольга', 'Аркадьевна', '2004-08-19'),
	(67, 'Пищало', 'Ринат', 'Иванович', '2004-08-23'),
	(68, 'Меренцов', 'Вячеслав', 'Тимофеевич', '2004-08-27'),
	(69, 'Косов', 'Михаил', 'Русланович', '2004-09-02'),
	(70, 'Маньшина', 'Инна', 'Ильдаровна', '2004-09-06'),
	(71, 'Лашин', 'Егор', 'Викторович', '2004-09-09'),
	(72, 'Агапонова', 'Алиса', 'Маратовна', '2004-09-11'),
	(73, 'Кудашова', 'Анна', 'Витальевна', '2004-09-15'),
	(74, 'Гонтарук', 'Данил', 'Альбертович', '2004-09-17'),
	(75, 'Арциховская', 'Виктория', 'Григорьевна', '2004-09-21'),
	(76, 'Кибальникова', 'Диана', 'Олеговна', '2004-09-25'),
	(77, 'Парахина', 'Надежда', 'Артемовна', '2004-10-01'),
	(78, 'Шанаева', 'Вероника', 'Вадимовна', '2004-10-03'),
	(79, 'Скорочкина', 'Екатерина', 'Альбертовна', '2004-10-07'),
	(80, 'Толченникова', 'Ангелина', 'Владиславовна', '2004-10-11'),
	(81, 'Терпигорева', 'Алена', 'Романовна', '2004-10-14'),
	(82, 'Ранцов', 'Филипп', 'Семенович', '2004-10-18'),
	(83, 'Мотин', 'Леонид', 'Дмитриевич', '2004-10-20'),
	(84, 'Спиридова', 'Анжелика', 'Артемовна', '2004-10-23'),
	(85, 'Сепаратов', 'Александр', 'Тимофеевич', '2004-10-29'),
	(86, 'Кононыкин', 'Александр', 'Николаевич', '2004-11-03'),
	(87, 'Квашина', 'Юлия', 'Егоровна', '2004-11-06'),
	(88, 'Бриткина', 'Елена', 'Эдуардовна', '2004-11-11'),
	(89, 'Етылин', 'Дамир', 'Эдуардович', '2004-11-16'),
	(90, 'Басалыко', 'Тимофей', 'Юрьевич', '2004-11-20'),
	(91, 'Баракина', 'Ксения', 'Рамилевна', '2004-11-26'),
	(92, 'Табурин', 'Ярослав', 'Вячеславович', '2004-11-30'),
	(93, 'Савчук', 'Александр', 'Сергеевич', '2004-12-04'),
	(94, 'Иорданская', 'Диана', 'Рамилевна', '2004-12-06'),
	(95, 'Сухушина', 'Мария', 'Даниловна', '2004-12-09'),
	(96, 'Басария', 'Жанна', 'Дамировна', '2004-12-12'),
	(97, 'Садыркулова', 'Елена', 'Никитовна', '2004-12-17'),
	(98, 'Магдиева', 'Яна', 'Глебовна', '2004-12-20'),
	(99, 'Дуйшебаев', 'Роберт', 'Олегович', '2004-12-23'),
	(100, 'Поясникова', 'Жанна', 'Андреевна', '2004-12-28')
	ON CONFLICT DO NOTHING;

INSERT INTO students_courses(students_student_id, course_course_id) VALUES
	(1, 1), (2, 1), (3, 1), (4, 1), (5, 1),
	(6, 1), (7, 1), (8, 1), (9, 1), (10, 1),
	(11, 1), (12, 1), (13, 1), (14, 1), (15, 1),
	(16, 1), (17, 1), (18, 1), (19, 1), (20, 1),
	(21, 1), (22, 1), (23, 1), (24, 1), (25, 1),
	(26, 1), (27, 1), (28, 1), (29, 1), (30, 1),
	(31, 1), (32, 1), (33, 1), (34, 1), (35, 1),
	(36, 1), (37, 1), (38, 1), (39, 1), (40, 1),
	(41, 1), (42, 1), (43, 1), (44, 1), (45, 1),
	(46, 1), (47, 1), (48, 1), (49, 1), (50, 1),
	(1, 2), (2, 2), (3, 2), (4, 2), (5, 2),
	(6, 2), (7, 2), (8, 2), (9, 2), (10, 2),
	(11, 2), (12, 2), (13, 2), (14, 2), (15, 2),
	(16, 2), (17, 2), (18, 2), (19, 2), (20, 2),
	(21, 2), (22, 2), (23, 2), (24, 2), (25, 2),
	(26, 2), (27, 2), (28, 2), (29, 2), (30, 2),
	(31, 2), (32, 2), (33, 2), (34, 2), (35, 2),
	(36, 2), (37, 2), (38, 2), (39, 2), (40, 2),
	(41, 2), (42, 2), (43, 2), (44, 2), (45, 2),
	(46, 2), (47, 2), (48, 2), (49, 2), (50, 2),
	(1, 3), (2, 3), (3, 3), (4, 3), (5, 3),
	(6, 3), (7, 3), (8, 3), (9, 3), (10, 3),
	(11, 3), (12, 3), (13, 3), (14, 3), (15, 3),
	(16, 3), (17, 3), (18, 3), (19, 3), (20, 3),
	(21, 3), (22, 3), (23, 3), (24, 3), (25, 3),
	(26, 3), (27, 3), (28, 3), (29, 3), (30, 3),
	(31, 3), (32, 3), (33, 3), (34, 3), (35, 3),
	(36, 3), (37, 3), (38, 3), (39, 3), (40, 3),
	(41, 3), (42, 3), (43, 3), (44, 3), (45, 3),
	(46, 3), (47, 3), (48, 3), (49, 3), (50, 3),
	(1, 4), (2, 4), (3, 4), (4, 4), (5, 4),
	(6, 4), (7, 4), (8, 4), (9, 4), (10, 4),
	(11, 4), (12, 4), (13, 4), (14, 4), (15, 4),
	(16, 4), (17, 4), (18, 4), (19, 4), (20, 4),
	(21, 4), (22, 4), (23, 4), (24, 4), (25, 4),
	(26, 4), (27, 4), (28, 4), (29, 4), (30, 4),
	(31, 4), (32, 4), (33, 4), (34, 4), (35, 4),
	(36, 4), (37, 4), (38, 4), (39, 4), (40, 4),
	(41, 4), (42, 4), (43, 4), (44, 4), (45, 4),
	(46, 4), (47, 4), (48, 4), (49, 4), (50, 4),
	(1, 6), (2, 6), (3, 6), (4, 6), (5, 6),
	(6, 6), (7, 6), (8, 6), (9, 6), (10, 6),
	(11, 6), (12, 6), (13, 6), (14, 6), (15, 6),
	(16, 6), (17, 6), (18, 6), (19, 6), (20, 6),
	(21, 6), (22, 6), (23, 6), (24, 6), (25, 6),
	(26, 6), (27, 6), (28, 6), (29, 6), (30, 6),
	(31, 6), (32, 6), (33, 6), (34, 6), (35, 6),
	(36, 6), (37, 6), (38, 6), (39, 6), (40, 6),
	(41, 6), (42, 6), (43, 6), (44, 6), (45, 6),
	(46, 6), (47, 6), (48, 6), (49, 6), (50, 6),
	(51, 5), (52, 5), (53, 5), (54, 5), (55, 5),
	(56, 5), (57, 5), (58, 5), (59, 5), (60, 5),
	(61, 5), (62, 5), (63, 5), (64, 5), (65, 5),
	(66, 5), (67, 5), (68, 5), (69, 5), (70, 5),
	(71, 5), (72, 5), (73, 5), (74, 5), (75, 5),
	(76, 5), (77, 5), (78, 5), (79, 5), (80, 5),
	(81, 5), (82, 5), (83, 5), (84, 5), (85, 5),
	(86, 5), (87, 5), (88, 5), (89, 5), (90, 5),
	(91, 5), (92, 5), (93, 5), (94, 5), (95, 5),
	(96, 5), (97, 5), (98, 5), (99, 5), (100, 5),
	(51, 7), (52, 7), (53, 7), (54, 7), (55, 7),
	(56, 7), (57, 7), (58, 7), (59, 7), (60, 7),
	(61, 7), (62, 7), (63, 7), (64, 7), (65, 7),
	(66, 7), (67, 7), (68, 7), (69, 7), (70, 7),
	(71, 7), (72, 7), (73, 7), (74, 7), (75, 7),
	(76, 7), (77, 7), (78, 7), (79, 7), (80, 7),
	(81, 7), (82, 7), (83, 7), (84, 7), (85, 7),
	(86, 7), (87, 7), (88, 7), (89, 7), (90, 7),
	(91, 7), (92, 7), (93, 7), (94, 7), (95, 7),
	(96, 7), (97, 7), (98, 7), (99, 7), (100, 7)
	ON CONFLICT DO NOTHING;

END;